<?xml version="1.0" encoding="UTF-8"?>
<configuration  scan="true" scanPeriod="60 seconds" debug="false">
    <contextName>logback</contextName>
    <property name="log.path" value="logs/" />
     <!-- 日志最大的历史 30天 -->  
    <property name="maxHistory" value="30"/> 
    <!--输出到控制台-->
    <appender name="console" class="ch.qos.logback.core.ConsoleAppender">
        <encoder>
            <pattern>%d{HH:mm:ss.SSS} %contextName [%thread] %-5level %logger{36} - %msg%n</pattern>
        </encoder>
    </appender>

    <!--输出到文件-->
    <appender name="file" class="ch.qos.logback.core.rolling.RollingFileAppender">
        <rollingPolicy class="ch.qos.logback.core.rolling.TimeBasedRollingPolicy">
            <fileNamePattern>${log.path}gdgjptmanager.%d{yyyy-MM-dd}.log</fileNamePattern>
            <maxHistory>${maxHistory}</maxHistory>  
        </rollingPolicy>
        <encoder>
            <pattern>%d{HH:mm:ss.SSS} %contextName [%thread] %-5level %logger{36} - %msg%n</pattern>
        </encoder>
    </appender>

    <root level="info">
        <appender-ref ref="console" />
        <appender-ref ref="file" />
    </root>



</configuration>