<?xml version="1.0" encoding="UTF-8"?>
<!DOCTYPE mapper PUBLIC "-//mybatis.org//DTD Mapper 3.0//EN" "http://mybatis.org/dtd/mybatis-3-mapper.dtd" >
<mapper namespace="com.mk.dao.resource.SysResourceDao">
	<select id="listAllResource" resultType="com.mk.domain.resource.SysResource">
		SELECT id,name,url,openMode,description,iconcls,pid,seq,status,
		opened,resource_type AS resourceType FROM comm_sys_resource 
		WHERE resource_type = #{resource_type} and status=1  ORDER BY seq 
	</select>
	
	<select id="listRessourceByUserid"  resultType="com.mk.domain.resource.SysResource">
		SELECT DISTINCT s.id AS id,s.name, s.url, s.description,s.iconCls, 
		s.pid,  s.seq, s.status,s.openMode,  s.opened, s.resource_type,
		s.sjbcrq  FROM comm_sys_role r  LEFT JOIN comm_sys_role_resource e 
		ON r.id = e.role_id LEFT JOIN comm_sys_resource s ON e.resource_id = s.id 
		WHERE r.id IN   (select role_id AS roleId from comm_sys_user_role where user_id = #{userid}) 
		AND s.resource_type = 0  and s.status=1 and r.status=1 ORDER BY seq
	</select>
	
	<select id="loadtree"  resultType="com.mk.domain.resource.SysResource">
		SELECT DISTINCT s.id AS id,s.name, s.url, s.description,s.iconCls, 
		s.pid,  s.seq, s.status,s.openMode,  s.opened, s.resource_type,
		s.sjbcrq  FROM comm_sys_role r  LEFT JOIN comm_sys_role_resource e 
		ON r.id = e.role_id LEFT JOIN comm_sys_resource s ON e.resource_id = s.id 
		WHERE r.id IN   (select role_id AS roleId from comm_sys_user_role where user_id = #{userid})
		<if test="pid == null">
			AND s.pid is null
		</if>
		<if test="pid != null and pid != ''">
			AND s.pid = #{pid}
		</if>
		AND s.resource_type = 0  and s.status=1 and r.status=1 ORDER BY seq
	</select>
</mapper>